nct_id,source,condition,pmid,doi,title,publication_year,is_rct
NCT03702452,cochrane,CD001920,,,,,True
NCT00400712,cochrane,CD001920,,,,,True
NCT02717715,cochrane,CD001920,,,,,True
NCT02937480,cochrane,CD001920,,,,,True
NCT02735148,cochrane,CD001920,,,,,True
NCT01613339,cochrane,CD001920,,,,,True
NCT01958736,cochrane,CD001920,,,,,True
NCT01735443,cochrane,CD003216,,,,,True
NCT01090076,cochrane,CD003216,,,,,True
NCT01881893,cochrane,CD004372,,,,,True
NCT00643149,cochrane,CD004406,,,,,True
NCT00542815,cochrane,CD006023,,,,,True
NCT01285830,cochrane,CD006475,,,,,True
NCT00318695,cochrane,CD006475,,,,,True
NCT00365469,cochrane,CD006475,,,,,True
NCT00826189,cochrane,CD006475,,,,,True
NCT00894816,cochrane,CD006475,,,,,True
NCT00113659,cochrane,CD006475,,,,,True
NCT06035835,cochrane,CD006475,,,,,True
NCT00200954,cochrane,CD006475,,,,,True
NCT00893711,cochrane,CD006475,,,,,True
NCT00792090,cochrane,CD006475,,,,,True
NCT00638677,cochrane,CD006475,,,,,True
NCT00298337,cochrane,CD006475,,,,,True
NCT00655720,cochrane,CD006475,,,,,True
NCT03463772,cochrane,CD006606,,,,,True
NCT00420836,cochrane,CD007639,,,,,True
NCT00399945,cochrane,CD007639,,,,,True
NCT00886613,cochrane,CD008858,,,,,True
NCT00480441,cochrane,CD008940,,,,,True
NCT03102918,cochrane,CD008940,,,,,True
NCT00974376,cochrane,CD008940,,,,,True
NCT02579421,cochrane,CD008940,,,,,True
NCT02913924,cochrane,CD008940,,,,,True
NCT02918409,cochrane,CD009730,,,,,True
NCT02918630,cochrane,CD010216,,,,,True
NCT02070744,cochrane,CD010966,,,,,True
NCT02508207,cochrane,CD010966,,,,,True
NCT02730208,cochrane,CD010966,,,,,True
NCT03447249,cochrane,CD010966,,,,,True
NCT03460990,cochrane,CD010966,,,,,True
NCT02951195,cochrane,CD010966,,,,,True
NCT02951182,cochrane,CD010966,,,,,True
NCT01484340,cochrane,CD011120,,,,,True
NCT05020249,cochrane,CD011535,,,,,True
NCT03364309,cochrane,CD011535,,,,,True
NCT02762994,cochrane,CD011535,,,,,True
NCT04237116,cochrane,CD011535,,,,,True
NCT04713592,cochrane,CD011535,,,,,True
NCT01690299,cochrane,CD011535,,,,,True
NCT03055494,cochrane,CD011535,,,,,True
NCT01807520,cochrane,CD011535,,,,,True
NCT03897088,cochrane,CD011535,,,,,True
NCT01194219,cochrane,CD011535,,,,,True
NCT01205932,cochrane,CD011762,,,,,True
NCT01206972,cochrane,CD011762,,,,,True
NCT02199743,cochrane,CD012429,,,,,True
NCT00257556,cochrane,CD012586,,,,,True
NCT00135525,cochrane,CD012942,,,,,True
NCT00417118,cochrane,CD012942,,,,,True
NCT00658008,cochrane,CD012942,,,,,True
NCT00701675,cochrane,CD012942,,,,,True
NCT00252343,cochrane,CD012942,,,,,True
NCT00266747,cochrane,CD012942,,,,,True
NCT00198107,cochrane,CD013232,,,,,True
NCT00468130,cochrane,CD013232,,,,,True
NCT01624675,cochrane,CD013232,,,,,True
NCT01908205,cochrane,CD013232,,,,,True
NCT01337687,cochrane,CD013232,,,,,True
NCT02940574,cochrane,CD013232,,,,,True
NCT00498173,cochrane,CD013232,,,,,True
NCT03242772,cochrane,CD013232,,,,,True
NCT00183339,cochrane,CD013232,,,,,True
NCT01972074,cochrane,CD013232,,,,,True
NCT02922582,cochrane,CD013295,,,,,True
NCT00819286,cochrane,CD013332,,,,,True
NCT01430624,cochrane,CD013456,,,,,True
NCT02223390,cochrane,CD013456,,,,,True
NCT02617485,cochrane,CD013539,,,,,True
NCT03976102,cochrane,CD013539,,,,,True
NCT02514889,cochrane,CD013729,,,,,True
NCT03415646,cochrane,CD013763,,,,,True
NCT03420703,cochrane,CD013763,,,,,True
NCT03756987,cochrane,CD013763,,,,,True
NCT02807636,cochrane,CD013774,,,,,True
NCT02853305,cochrane,CD013774,,,,,True
NCT02516241,cochrane,CD013774,,,,,True
NCT02256436,cochrane,CD013774,,,,,True
NCT02302807,cochrane,CD013774,,,,,True
NCT04741503,cochrane,CD013822,,,,,True
NCT02796105,cochrane,CD013827,,,,,True
NCT03569618,cochrane,CD013834,,,,,True
NCT00931879,cochrane,CD014623,,,,,True
NCT03228394,cochrane,CD014624,,,,,True
NCT00141778,cochrane,CD014937,,,,,True
NCT02793661,cochrane,CD014937,,,,,True
NCT02417896,cochrane,CD014937,,,,,True
NCT02553746,cochrane,CD014964,,,,,True
NCT02207972,cochrane,CD014964,,,,,True
NCT00870727,cochrane,CD014965,,,,,True
NCT01333072,cochrane,CD014965,,,,,True
NCT00576732,cochrane,CD014965,,,,,True
NCT00005014,cochrane,CD014965,,,,,True
NCT01617447,cochrane,CD014965,,,,,True
NCT00337571,cochrane,CD014965,,,,,True
NCT00332241,cochrane,CD014965,,,,,True
NCT01911442,cochrane,CD014965,,,,,True
NCT00027300,cochrane,CD015123,,,,,True
NCT00030966,cochrane,CD015123,,,,,True
NCT04115488,cochrane,CD015123,,,,,True
NCT01416181,cochrane,CD015123,,,,,True
NCT01144052,cochrane,CD015123,,,,,True
NCT02314104,cochrane,CD015145,,,,,True
NCT00412659,cochrane,CD015213,,,,,True
NCT02287935,cochrane,CD015213,,,,,True
NCT01337869,cochrane,CD015213,,,,,True
NCT03424057,cochrane,CD015213,,,,,True
NCT02116738,cochrane,CD015213,,,,,True
NCT04373733,cochrane,CD015219,,,,,True
NCT04542694,cochrane,CD015219,,,,,True
NCT04387760,cochrane,CD015219,,,,,True
NCT04818320,cochrane,CD015219,,,,,True
NCT04501783,cochrane,CD015219,,,,,True
NCT04499677,cochrane,CD015219,,,,,True
NCT00224887,cochrane,CD015328,,,,,True
NCT02067728,cochrane,CD015328,,,,,True
NCT00961194,cochrane,CD015373,,,,,True
NCT01079806,cochrane,CD015536,,,,,True
NCT01639066,cochrane,CD015536,,,,,True
NCT00533468,cochrane,CD015594,,,,,True
NCT02269904,cochrane,CD015698,,,,,True
NCT02158988,cochrane,CD015698,,,,,True
NCT00454519,cochrane,CD015698,,,,,True
NCT02293538,cochrane,CD015751,,,,,True
NCT00508469,cochrane,CD015788,,,,,True
NCT00769015,cochrane,CD015790,,,,,True
NCT04480463,cochrane,CD015804,,,,,True
NCT02971683,cochrane,CD015854,,,,,True
NCT04025632,cochrane,CD015854,,,,,True
NCT02612857,cochrane,CD015854,,,,,True
NCT02466243,cochrane,CD015854,,,,,True
NCT00533091,cochrane,CD015854,,,,,True
NCT01801917,cochrane,CD015854,,,,,True
NCT02029274,cochrane,CD015854,,,,,True
NCT01148810,cochrane,CD015854,,,,,True
NCT02043548,cochrane,CD015854,,,,,True
NCT00033891,cochrane,CD015854,,,,,True
NCT00112385,cochrane,CD015854,,,,,True
NCT00335985,cochrane,CD015855,,,,,True
NCT04602494,cochrane,CD016058,,,,,True
NCT04919590,cochrane,CD016058,,,,,True
NCT04860106,cochrane,CD016148,,,,,True
NCT04860104,cochrane,CD016148,,,,,True
NCT03605615,cochrane,CD016148,,,,,True
NCT03605619,cochrane,CD016148,,,,,True
NCT03605618,cochrane,CD016148,,,,,True
NCT01937546,cochrane,CD016148,,,,,True
NCT01533467,cochrane,CD016148,,,,,True
NCT01359878,cochrane,CD016168,,,,,True
NCT03248297,cochrane,CD016211,,,,,True
NCT04947163,pubmed,diabetes mellitus,39284701,10.1136/bmjopen-2023-080718,Does multifactorial inspiratory muscle training improve postural stability and quality of life of patients with diabetes in Pakistan? A randomised controlled trial.,2024,True
NCT03896360,pubmed,diabetes mellitus,37892527,10.3390/nu15204452,A Randomized Controlled Pilot Study of the Food Order Behavioral Intervention in Prediabetes.,2023,True
NCT03544229,pubmed,diabetes mellitus,37533380,10.1111/nmo.14652,Randomized clinical trial: A phase 2b controlled study of the efficacy and safety of trazpiroben (TAK-906) for idiopathic or diabetic gastroparesis.,2023,True
NCT03941288,pubmed,diabetes mellitus,37482172,10.1016/j.cgh.2023.07.008,"A Randomized, Controlled Trial of Efficacy and Safety of Cannabidiol in Idiopathic and Diabetic Gastroparesis.",2023,True
NCT04944992,pubmed,diabetes mellitus,37355043,10.1016/j.jhep.2023.05.013,A phase IIa active-comparator-controlled study to evaluate the efficacy and safety of efinopegdutide in patients with non-alcoholic fatty liver disease.,2023,True
NCT04860180,pubmed,diabetes mellitus,35721734,10.3389/fendo.2022.898084,Adrenalectomy Improves Blood Pressure and Metabolic Control in Patients With Possible Autonomous Cortisol Secretion: Results of a RCT.,2022,True
NCT03314272,pubmed,diabetes mellitus,35710339,10.1186/s12871-022-01721-6,Automated versus conventional perioperative glycemic control in adult diabetic patients undergoing open heart surgery.,2022,True
NCT01984827,pubmed,diabetes mellitus,35596784,10.1007/s00392-022-02037-8,Effect of hyperglycaemia in combination with moxifloxacin on cardiac repolarization in male and female patients with type I diabetes.,2022,True
NCT01864603,pubmed,diabetes mellitus,34543267,10.1371/journal.pmed.1003803,"Effect of a patient-centered hypertension delivery strategy on all-cause mortality: Secondary analysis of SEARCH, a community-randomized trial in rural Kenya and Uganda.",2021,True
NCT03118336,pubmed,diabetes mellitus,33648515,10.1186/s12933-021-01237-2,Effect of empagliflozin on ectopic fat stores and myocardial energetics in type 2 diabetes: the EMPACEF study.,2021,True
NCT00799903,pubmed,diabetes mellitus,30897999,10.1161/JAHA.118.010641,Cardiovascular and Lifestyle Risk Factors and Cognitive Function in Patients With Stable Coronary Heart Disease.,2019,True
NCT00391872,pubmed,diabetes mellitus,30857464,10.1161/JAHA.118.011139,Impact of Diabetes Mellitus and Chronic Kidney Disease on Cardiovascular Outcomes and Platelet P2Y,2019,True
NCT01516346,pubmed,diabetes mellitus,30764699,10.1161/JAHA.118.011457,"Impact of Diabetes Mellitus on Ventricular Structure, Arterial Stiffness, and Pulsatile Hemodynamics in Heart Failure With Preserved Ejection Fraction.",2019,True
NCT02181062,pubmed,stroke,30836804,10.1161/JAHA.118.011088,"""Worth the Walk"": Culturally Tailored Stroke Risk Factor Reduction Intervention in Community Senior Centers.",2019,True
NCT01206062,pubmed,stroke,30744452,10.1161/JAHA.118.010811,Low Diastolic Blood Pressure is Not Related to Risk of First Episode of Stroke in a High-Risk Population: A Secondary Analysis of SPRINT.,2019,True
NCT00059306,pubmed,stroke,30686103,10.1161/JAHA.118.010091,"Cerebral White Matter Hyperintensities, Kidney Function Decline, and Recurrent Stroke After Intensive Blood Pressure Lowering: Results From the Secondary Prevention of Small Subcortical Strokes ( SPS ",2019,True
NCT01513798,pubmed,stroke,30652528,10.1161/JAHA.118.010634,Exercise Training Adds Cardiometabolic Benefits of a Paleolithic Diet in Type 2 Diabetes Mellitus.,2019,True
NCT00262600,pubmed,stroke,30651032,10.1161/JAHA.118.010107,Cardiac Biomarkers and Left Ventricular Hypertrophy in Relation to Outcomes in Patients With Atrial Fibrillation: Experiences From the  RE - LY Trial.,2019,True
NCT02096406,pubmed,stroke,30371293,10.1161/JAHA.118.009917,Comparison of Angiotensin-Converting Enzyme Inhibitor and Angiotensin Receptor Blocker Management Strategies Before Cardiac Surgery: A Pilot Randomized Controlled Registry Trial.,2018,True
NCT02664649,pubmed,stroke,29898848,10.1016/j.ahj.2018.03.008,Oral anti-Xa anticoagulation after trans-aortic valve implantation for aortic stenosis: The randomized ATLANTIS trial.,2018,True
NCT02317237,pubmed,stroke,29793595,10.1016/j.bja.2018.01.039,The influence of blood pressure management on neurological outcome in endovascular therapy for acute ischaemic stroke.,2018,True
NCT01313676,pubmed,stroke,29442524,10.1164/rccm.201711-2239OC,Exacerbations of Chronic Obstructive Pulmonary Disease and Cardiac Events. A Post Hoc Cohort Analysis from the SUMMIT Randomized Clinical Trial.,2018,True
NCT02310438,pubmed,stroke,28643570,10.1177/0269215517717060,"Home-based neurologic music therapy for arm hemiparesis following stroke: results from a pilot, feasibility randomized controlled trial.",2018,True
NCT02441556,pubmed,stroke,28361616,10.1177/1747493017701153,"Acute basilar artery occlusion: Endovascular Interventions versus Standard Medical Treatment (BEST) Trial-Design and protocol for a randomized, controlled, multicenter study.",2017,True
NCT01640119,pubmed,heart failure,31598912,10.1007/s40620-019-00656-5,Treatment of metabolic acidosis with sodium bicarbonate delays progression of chronic kidney disease: the UBI Study.,2019,True
NCT00000542,pubmed,heart failure,30943832,10.1161/JAHA.119.011961,Prevention of Heart Failure in Hypertension-Disentangling the Role of Evolving Left Ventricular Hypertrophy and Blood Pressure Lowering: The ALLHAT Study.,2019,True
NCT00180271,pubmed,heart failure,30857452,10.1161/JAHA.118.010346,Prognostic Importance of Defibrillator-Appropriate Shocks and Antitachycardia Pacing in Patients With Mild Heart Failure.,2019,True
NCT00968708,pubmed,heart failure,30371278,10.1161/JAHA.118.009114,Average Clinician-Measured Blood Pressures and Cardiovascular Outcomes in Patients With Type 2 Diabetes Mellitus and Ischemic Heart Disease in the EXAMINE Trial.,2018,True
NCT02133105,pubmed,heart failure,30369310,10.1161/JAHA.117.008455,Differential Effects of Levosimendan and Dobutamine on Glomerular Filtration Rate in Patients With Heart Failure and Renal Impairment:A Randomized Double-Blind Controlled Trial.,2018,True
NCT01155635,pubmed,heart failure,30153268,10.1371/journal.pone.0199347,Long-term use of carvedilol in patients with ST-segment elevation myocardial infarction treated with primary percutaneous coronary intervention.,2018,True
NCT01953874,pubmed,heart failure,26806668,10.1016/j.cct.2016.01.001,"Lessons learned from a clinical trial: Design, rationale, and insights from The Cardiovascular Improvements with Minute Ventilation-targeted Adaptive Sero-Ventilation (ASV) Therapy in Heart Failure (C",2016,True
NCT00846001,pubmed,heart failure,26719401,10.1093/ejcts/ezv448,Cardiac resynchronization therapy combined with coronary artery bypass grafting in ischaemic heart failure patients: long-term results of the RESCUE study.,2016,True
NCT02146196,pubmed,heart failure,26717214,10.2143/AC.70.6.3120178,Robot-assisted training for heart failure patients - a small pilot study.,2015,True
NCT00833352,pubmed,heart failure,26374852,10.1093/eurheartj/ehv422,Comparison of right ventricular septal pacing and right ventricular apical pacing in patients receiving cardiac resynchronization therapy defibrillators: the SEPTAL CRT Study.,2016,True
NCT00095238,pubmed,heart failure,24864045,10.1002/ejhf.85,Relationship between heart rate and mortality and morbidity in the irbesartan patients with heart failure and preserved systolic function trial (I-Preserve).,2014,True
NCT00543881,pubmed,heart failure,24722932,10.1055/s-0034-1369849,[Will telemonitoring be adopted by patients with chronic heart failure?].,2014,True
NCT00286182,pubmed,heart failure,23517485,10.1111/chf.12027,"Impact of epoetin alfa on left ventricular structure, function, and pressure volume relations as assessed by cardiac magnetic resonance: the heart failure preserved ejection fraction (HFPEF) anemia tr",2013,True
NCT01213862,pubmed,heart failure,23459887,10.1590/s0104-11692013000700004,"Home visit improves knowledge, self-care and adhesion in heart failure: Randomized Clinical Trial HELEN-I.",2013,True
NCT98675639,pubmed,heart failure,22989869,10.1093/eurjhf/hfs148,Quality of life and survival in patients with heart failure.,2013,True
NCT04736329,crossref,heart failure,,10.1186/s43044-023-00398-7,Telmisartan versus EnalapRil In heart failure with redUced ejection fraction patients with Moderately impaired kidney Functions; randomized controlled trial: “TRIUMF trial”,,True
NCT02495324,pubmed,hypertension,32158190,10.2147/DDDT.S231293,"Effect of Fimasartan versus Valsartan and Olmesartan on Office and Ambulatory Blood Pressure in Korean Patients with Mild-to-Moderate Essential Hypertension: A Randomized, Double-Blind, Active Control",2020,True
NCT02290613,pubmed,hypertension,31655622,10.1186/s13075-019-1981-0,"Early treatment with ambrisentan of mildly elevated mean pulmonary arterial pressure associated with systemic sclerosis: a randomized, controlled, double-blind, parallel group study (EDITA study).",2019,True
NCT02321618,pubmed,hypertension,30592662,10.1161/CIRCULATIONAHA.118.038165,Sustainability of Blood Pressure Reduction in Black Barbershops.,2019,True
NCT01643434,crossref,hypertension,,10.1002/clc.22228,Resistant Hypertension Optimal Treatment Trial: A Randomized Controlled Trial,2014,True
NCT01777503,pubmed,myocardial infarction,30636561,10.1161/JAHA.118.010956,Time Course of Ischemic and Bleeding Burden in Elderly Patients With Acute Coronary Syndromes Randomized to Low-Dose Prasugrel or Clopidogrel.,2019,True
NCT02942550,pubmed,myocardial infarction,30636504,10.1161/JAHA.118.010152,The MOVEMENT Trial.,2019,True
NCT01560455,pubmed,myocardial infarction,27578839,10.1161/CIRCINTERVENTIONS.115.003643,The EBC TWO Study (European Bifurcation Coronary TWO): A Randomized Comparison of Provisional T-Stenting Versus a Systematic 2 Stent Culotte Strategy in Large Caliber True Bifurcations.,2016,True
NCT00598533,pubmed,myocardial infarction,27377301,10.1002/ccd.26597,Five-year follow-up of polymer-free sirolimus- and probucol-eluting stents versus new generation zotarolimus-eluting stents in patients presenting with st-elevation myocardial infarction.,2017,True
NCT00519597,pubmed,myocardial infarction,26914592,10.1164/rccm.201601-0088OC,Effect of Positive Airway Pressure on Cardiovascular Outcomes in Coronary Artery Disease Patients with Nonsleepy Obstructive Sleep Apnea. The RICCADSA Randomized Controlled Trial.,2016,True
NCT01622075,pubmed,myocardial infarction,26775079,10.1002/ccd.26401,"Two-year results and subgroup analyses of the PEPCAD China in-stent restenosis trial: A prospective, multicenter, randomized trial for the treatment of drug-eluting stent in-stent restenosis.",2016,True
NCT00732953,pubmed,myocardial infarction,26479969,10.1097/MCA.0000000000000314,Paclitaxel-coated balloon plus bare-metal stent for de-novo coronary artery disease: final 5-year results of a randomized prospective multicenter trial.,2016,True
NCT00673036,pubmed,myocardial infarction,26301654,10.1016/j.ijcard.2015.08.065,In-hospital outcomes and long-term mortality according to sex and management strategy in acute myocardial infarction. Insights from the French ST-elevation and non-ST-elevation Myocardial Infarction (,2015,True
NCT00389220,pubmed,myocardial infarction,25423953,10.1136/heartjnl-2014-306359,Biolimus-eluting stent with biodegradable polymer improves clinical outcomes in patients with acute myocardial infarction.,2015,True
NCT04841980,pubmed,depression,41098003,10.1111/apt.70420,Clinical Trial: Rifaximin Versus Low FODMAP Diet in Irritable Bowel Syndrome.,2026,True
NCT01824940,pubmed,depression,39392862,10.1371/journal.pmed.1004347,"Growth, physical, and cognitive function in children who are born HIV-free: School-age follow-up of a cluster-randomised trial in rural Zimbabwe.",2024,True
NCT04361045,pubmed,depression,37768633,10.1037/ccp0000843,Randomized controlled trial of a web-based program for preventing anxiety and depression in university students.,2024,True
NCT01799733,pubmed,depression,36520251,10.1007/s00737-022-01283-z,A 1-week sleep and light intervention improves mood in premenstrual dysphoric disorder in association with shifting melatonin offset time earlier.,2023,True
NCT00088699,pubmed,depression,33074143,10.1016/j.jad.2020.10.007,Ketamine Alters Electrophysiological Responses to Emotional Faces in Major Depressive Disorder.,2021,True
NCT01731717,pubmed,depression,32859177,10.1186/s12888-020-02829-0,Cost-effectiveness of guideline-based stepped and collaborative care versus treatment as usual for patients with depression - a cluster-randomized trial.,2020,True
NCT03841682,pubmed,depression,32621905,10.1016/j.cct.2020.106072,The ENGAGE-2 study: Engaging self-regulation targets to understand the mechanisms of behavior change and improve mood and weight outcomes in a randomized controlled trial (Phase 2).,2020,True
NCT01630681,pubmed,depression,32224483,10.2196/16547,Experiences of Internet-Based Stepped Care in Individuals With Cancer and Concurrent Symptoms of Anxiety and Depression: Qualitative Exploration Conducted Alongside the U-CARE AdultCan Randomized Cont,2020,True
NCT02976103,pubmed,depression,31612292,10.1007/s10549-019-05465-9,The Jacki Jacket after mastectomy with reconstruction: a randomized pilot study.,2020,True
NCT00042146,pubmed,depression,27658218,10.1016/j.brat.2016.09.002,Cognitive-behavior therapy singly and combined with medication for persistent insomnia: Impact on psychological and daytime functioning.,2016,True
NCT01283607,pubmed,depression,26965429,10.1093/humrep/dew040,e-Therapy to reduce emotional distress in women undergoing assisted reproductive technology (ART): a feasibility randomized controlled trial.,2016,True
NCT00331305,pubmed,depression,26867076,10.1097/PSY.0000000000000301,Effects of Exercise and Sertraline on Measures of Coronary Heart Disease Risk in Patients With Major Depression: Results From the SMILE-II Randomized Clinical Trial.,2016,True
NCT00720200,pubmed,depression,26378963,10.1164/rccm.201505-0900OC,Randomized Trial of Communication Facilitators to Reduce Family Distress and Intensity of End-of-Life Care.,2016,True
NCT05471778,pubmed,anxiety disorders,36515211,10.1111/ans.18209,Effect of meditation music and comedy movie interventions on postoperative kinesiophobia and pain in patients undergoing total knee arthroplasty.,2023,True
NCT00616486,pubmed,anxiety disorders,27011177,10.3390/ijms17030420,Transcranial Magnetic Stimulation of the Supplementary Motor Area in the Treatment of Obsessive-Compulsive Disorder: A Multi-Site Study.,2016,True
NCT00021417,pubmed,anxiety disorders,25178520,10.1111/bjc.12065,Personality disorder moderates outcome in short- and long-term group analytic psychotherapy: A randomized clinical trial.,2015,True
NCT00436670,pubmed,anxiety disorders,20056900,10.1164/rccm.200909-1448OC,"A randomized, controlled, phase 2 study of AMG 317, an IL-4Ralpha antagonist, in patients with asthma.",2010,True
NCT03466112,pubmed,schizophrenia,38551773,10.1007/s00406-024-01789-w,Predictors of adherence to exercise interventions in people with schizophrenia.,2024,True
NCT02062190,pubmed,schizophrenia,26840331,10.3390/nu8020073,Resveratrol Supplementation in Schizophrenia Patients: A Randomized Clinical Trial Evaluating Serum Glucose and Cardiovascular Risk Factors.,2016,True
NCT02098408,pubmed,schizophrenia,25623736,10.1186/s13063-014-0542-8,The FOCUS trial: cognitive remediation plus standard treatment versus standard treatment for patients at ultra-high risk for psychosis: study protocol for a randomised controlled trial.,2015,True
NCT00518323,pubmed,schizophrenia,24559194,10.1186/1471-244X-14-52,Body mass index and metabolic parameters in patients with schizophrenia during long-term treatment with paliperidone palmitate.,2014,True
NCT00590577,pubmed,schizophrenia,21569242,10.1186/1471-244X-11-79,"Onset of efficacy and tolerability following the initiation dosing of long-acting paliperidone palmitate: post-hoc analyses of a randomized, double-blind clinical trial.",2011,True
NCT01196286,pubmed,schizophrenia,21226941,10.1186/1471-244X-11-9,Multifamily group psychoeducation and cognitive remediation for first-episode psychosis: a randomized controlled trial.,2011,True
NCT00916552,pubmed,bipolar disorder,20942940,10.1186/1745-6215-11-97,Effects of erythropoietin on depressive symptoms and neurocognitive deficits in depression and bipolar disorder.,2010,True
NCT04222816,crossref,bipolar disorder,,10.1111/bdi.13276,Effect of regulated add‐on sodium chloride intake on stabilization of serum lithium concentration in bipolar disorder: A randomized controlled trial,2023,True
NCT03703258,pubmed,PTSD,37011153,10.1037/tra0001460,Pilot randomized clinical trial of an app-based early intervention to reduce PTSD and alcohol use following sexual assault.,2024,True
NCT00211861,pubmed,PTSD,21194898,10.1016/j.euroneuro.2010.11.012,"A selective neurokinin-1 receptor antagonist in chronic PTSD: a randomized, double-blind, placebo-controlled, proof-of-concept trial.",2011,True
NCT00725920,pubmed,PTSD,19480669,10.1186/1471-244X-9-28,"A randomized, double-blind, placebo-controlled trial to assess the efficacy of topiramate in the treatment of post-traumatic stress disorder.",2009,True
NCT05550922,crossref,pediatric asthma,,10.1111/pai.14101,The effectiveness of an education program based on healthcare transition in adolescents with asthma: A randomized controlled trial,2024,True
NCT00107692,pubmed,childhood obesity,19437180,10.3109/17477160902957158,The impact of a child obesity treatment intervention on parent child-feeding practices.,2010,True
NCT00253747,pubmed,ADHD,22955246,10.1093/ntr/nts152,Osmotic release oral system methylphenidate prevents weight gain during a smoking-cessation attempt in adults with ADHD.,2013,True
NCT00937469,pubmed,ADHD,21255399,10.1186/1745-6215-12-18,Randomised social-skills training and parental training plus standard treatment versus standard treatment of children with attention deficit hyperactivity disorder - the SOSTRA trial protocol.,2011,True
NCT01961661,pubmed,cystic fibrosis,24586292,10.1371/journal.pone.0087796,Disrupted intestinal microbiota and intestinal inflammation in children with cystic fibrosis and its restoration with Lactobacillus GG: a randomised clinical trial.,2014,True
NCT00630812,pubmed,cystic fibrosis,22198974,10.1164/rccm.201109-1666OC,Long-term inhaled dry powder mannitol in cystic fibrosis: an international randomized study.,2012,True
NCT00749866,pubmed,cystic fibrosis,20870753,10.1164/rccm.201005-0756OC,A randomized controlled trial of nebulized gentamicin in non-cystic fibrosis bronchiectasis.,2011,True
NCT00104520,pubmed,cystic fibrosis,18658109,10.1164/rccm.200712-1804OC,Inhaled aztreonam lysine for chronic airway Pseudomonas aeruginosa in cystic fibrosis.,2008,True
NCT01802489,pubmed,multiple sclerosis,29172994,10.1177/1352458517742979,Amiloride does not protect retinal nerve fibre layer thickness in optic neuritis in a phase 2 randomised controlled trial.,2019,True
NCT02673827,pubmed,multiple sclerosis,27598379,10.1590/1518-8345.1257.2789,The effects of progressive muscular relaxation as a nursing procedure used for those who suffer from stress due to multiple sclerosis.,2016,True
NCT01451593,pubmed,multiple sclerosis,26822749,10.1016/S1474-4422(16)00004-1,"Phenytoin for neuroprotection in patients with acute optic neuritis: a randomised, placebo-controlled, phase 2 trial.",2016,True
NCT06539260,pubmed,Parkinson disease,40646117,10.1038/s41598-025-10821-5,Impact of vitamin D3 supplementation on motor functionality and the immune response in Parkinson's disease patients with vitamin D deficiency.,2025,True
NCT03830528,pubmed,Parkinson disease,36683291,10.1002/cpdd.1222,"Safety, Tolerability, and Pharmacokinetics of the Novel Adenosine A",2023,True
NCT02708186,pubmed,Parkinson disease,33714847,10.1016/j.sleep.2021.02.038,Nelotanserin as symptomatic treatment for rapid eye movement sleep behavior disorder: a double-blind randomized study using video analysis in patients with dementia with Lewy bodies or Parkinson's dis,2021,True
NCT02535221,pubmed,breast cancer,40331570,10.1177/10732748251339958,A Non-Inferior Randomized Trial of Neoadjuvant Endocrine Therapy Compared to Neoadjuvant Chemotherapy in Premenopausal Patients With Hormone-Responsive and HER2-Negative Lymph Node-Negative Breast Can,2025,True
NCT01349842,pubmed,breast cancer,33473163,10.1038/s41416-020-01227-3,Clinical utility of circulating tumour cell-based monitoring of late-line chemotherapy for metastatic breast cancer: the randomised CirCe01 trial.,2021,True
NCT01622361,pubmed,breast cancer,32460816,10.1186/s13058-020-01288-5,"Efficacy of neoadjuvant endocrine therapy compared with neoadjuvant chemotherapy in pre-menopausal patients with oestrogen receptor-positive and HER2-negative, lymph node-positive breast cancer.",2020,True
NCT03024697,pubmed,breast cancer,29576125,10.1016/j.bja.2017.11.112,"Single-shot pectoral plane (PECs I and PECs II) blocks versus continuous local anaesthetic infusion analgesia or both after non-ambulatory breast-cancer surgery: a prospective, randomised, double-blin",2018,True
NCT01515124,pubmed,breast cancer,28739540,10.1016/j.cct.2017.07.017,The women in steady exercise research (WISER) survivor trial: The innovative transdisciplinary design of a randomized controlled trial of exercise and weight-loss interventions among breast cancer sur,2017,True
NCT02240472,pubmed,breast cancer,28549453,10.1186/s12885-017-3361-y,Survival and axillary recurrence following sentinel node-positive breast cancer without completion axillary lymph node dissection: the randomized controlled SENOMAC trial.,2017,True
NCT01409720,pubmed,breast cancer,27464793,10.1186/s13014-016-0675-x,Resistance training concomitant to radiotherapy of spinal bone metastases - survival and prognostic factors of a randomized trial.,2016,True
NCT00567554,pubmed,breast cancer,25223482,10.1093/annonc/mdu455,Survival after neoadjuvant chemotherapy with or without bevacizumab or everolimus for HER2-negative primary breast cancer (GBG 44-GeparQuinto)†.,2014,True
NCT00418457,pubmed,breast cancer,25009197,10.1093/bja/aet581,Differential effects of serum from patients administered distinct anaesthetic techniques on apoptosis in breast cancer cells in vitro: a pilot study.,2014,True
NCT00790894,pubmed,breast cancer,23935969,10.1371/journal.pone.0069256,Ixabepilone administered weekly or every three weeks in HER2-negative metastatic breast cancer patients; a randomized non-comparative phase II trial.,2013,True
NCT00544765,pubmed,breast cancer,23661292,10.1093/annonc/mdt162,Evaluation of Mucin-1 protein and mRNA expression as prognostic and predictive markers after neoadjuvant chemotherapy for breast cancer.,2013,True
NCT01387282,pubmed,lung cancer,39992021,10.1002/jcsm.13732,Anamorelin Efficacy in Non-Small-Cell Lung Cancer Patients With Cachexia: Insights From ROMANA 1 and ROMANA 2.,2025,True
NCT02388919,pubmed,lung cancer,30032842,10.1016/j.lungcan.2018.05.013,"Quality of life results from a randomized, double-blinded, placebo-controlled, multi-center phase III trial of anlotinib in patients with advanced non-small cell lung cancer.",2018,True
NCT01158144,pubmed,lung cancer,27067521,10.1186/s12885-016-2234-0,"A phase II study of Endostatin in combination with paclitaxel, carboplatin, and radiotherapy in patients with unresectable locally advanced non-small cell lung cancer.",2016,True
NCT02185430,pubmed,lung cancer,26716866,10.1097/EJA.0000000000000405,Effects of dexmedetomidine on oxygenation and lung mechanics in patients with moderate chronic obstructive pulmonary disease undergoing lung cancer surgery: A randomised double-blinded trial.,2016,True
NCT00176137,pubmed,lung cancer,18583190,10.1016/S1470-2045(08)70156-6,Effect of preoperative chemoradiation in addition to preoperative chemotherapy: a randomised trial in stage III non-small-cell lung cancer.,2008,True
NCT06191185,pubmed,colorectal cancer,39809342,10.1016/j.cct.2025.107810,Multilevel intervention for follow-up of abnormal FIT in the safety-net: IMProving Adherence to Colonoscopy through Teams and Technology (IMPACTT).,2025,True
NCT03481296,pubmed,colorectal cancer,34922392,10.1093/sleep/zsab298,The association of acculturative stress with self-reported sleep disturbance and sleep duration among Asian Americans.,2022,True
NCT01588262,pubmed,colorectal cancer,23294513,10.1186/1471-2407-13-9,Early rehabilitation of cancer patients - a randomized controlled intervention study.,2013,True
NCT00697047,pubmed,colorectal cancer,22424252,10.1016/j.amepre.2011.11.014,Nonparticipation in a population-based trial to increase colorectal cancer screening.,2012,True
NCT00148226,pubmed,colorectal cancer,18573775,10.1258/jms.2008.007110,Randomized trial of a self-administered decision aid for colorectal cancer screening.,2008,True
NCT00381680,pubmed,leukemia,32001530,10.3324/haematol.2019.237230,Outcomes after late bone marrow and very early central nervous system relapse of childhood B-acute lymphoblastic leukemia: a report from the Children's Oncology Group phase III study AALL0433.,2021,True
NCT03118128,pubmed,leukemia,30176891,10.1186/s12967-018-1620-6,Effect of metformin on the survival of patients with ALL who express high levels of the ABCB1 drug resistance gene.,2018,True
NCT01241500,pubmed,leukemia,26968357,10.1016/S1470-2045(16)00009-7,"Rigosertib versus best supportive care for patients with high-risk myelodysplastic syndromes after failure of hypomethylating drugs (ONTIME): a randomised, controlled, phase 3 trial.",2016,True
NCT00481052,pubmed,leukemia,26113419,10.3324/haematol.2015.129221,Long-term outcome of a phase 2 trial with nilotinib 400 mg twice daily in first-line treatment of chronic myeloid leukemia.,2015,True
NCT00795756,pubmed,leukemia,25749825,10.3324/haematol.2014.123273,Randomized trial of radiation-free central nervous system prophylaxis comparing intrathecal triple therapy with liposomal cytarabine in acute lymphoblastic leukemia.,2015,True
NCT58585610,pubmed,leukemia,24128861,10.1182/blood-2013-07-516666,CYP2B6*6 is an independent determinant of inferior response to fludarabine plus cyclophosphamide in chronic lymphocytic leukemia.,2013,True
NCT00428558,pubmed,leukemia,23321257,10.1182/blood-2012-10-462879,Prospective evaluation of gene mutations and minimal residual disease in patients with core binding factor acute myeloid leukemia.,2013,True
NCT00407966,pubmed,leukemia,22733022,10.3324/haematol.2012.062539,"Randomized phase II study of two schedules of flavopiridol given as timed sequential therapy with cytosine arabinoside and mitoxantrone for adults with newly diagnosed, poor-risk acute myelogenous leu",2012,True
NCT00015873,pubmed,leukemia,17658395,10.1016/S0140-6736(07)61126-X,A treatment protocol for infants younger than 1 year with acute lymphoblastic leukaemia (Interfant-99): an observational study and a multicentre randomised trial.,2007,True
NCT03928418,pubmed,HIV,36706675,10.1016/j.drugalcdep.2023.109783,"Effect of two counseling interventions on self-reported alcohol consumption, alcohol biomarker phosphatidylethanol (PEth), and viral suppression among persons living with HIV (PWH) with unhealthy alco",2023,True
NCT02417233,pubmed,HIV,34435440,10.1002/jia2.25774,Impact of SMS and peer navigation on retention in HIV care among adults in South Africa: results of a three-arm cluster randomized controlled trial.,2021,True
NCT02890459,pubmed,HIV,32470089,10.1371/journal.pone.0233600,A pilot randomized trial of incentive strategies to promote HIV retesting in rural Uganda.,2020,True
NCT03125915,pubmed,HIV,30887190,10.1007/s10461-019-02455-2,A Pilot Randomized Trial of Intervention Components Addressing Drug Use in Couples HIV Testing and Counseling (CHTC) with Male Couples.,2019,True
NCT02855489,pubmed,HIV,29671166,10.1007/s10865-018-9923-x,"Dismantling the theory of planned behavior: evaluating the relative effectiveness of attempts to uniquely change attitudes, norms, and perceived behavioral control.",2018,True
NCT00811421,pubmed,HIV,28575010,10.1371/journal.pone.0178134,Effects of HIV infection on maternal and neonatal health in southern Mozambique: A prospective cohort study after a decade of antiretroviral drugs roll out.,2017,True
NCT01641016,pubmed,HIV,28213595,10.1136/bmjopen-2016-012934,Qualitative study of the BREATHER trial (Short Cycle antiretroviral therapy): is it acceptable to young people living with HIV?,2017,True
NCT01301066,pubmed,HIV,28121706,10.1097/QAD.0000000000001423,Greater remnant lipoprotein cholesterol reduction with pitavastatin compared with pravastatin in HIV-infected patients.,2017,True
NCT02414828,pubmed,HIV,28060545,10.1164/rccm.201603-0654OC,Safety and Immunogenicity of Adenovirus 35 Tuberculosis Vaccine Candidate in Adults with Active or Previous Tuberculosis. A Randomized Trial.,2017,True
NCT01795261,pubmed,HIV,26475016,10.1016/S2214-109X(15)00195-3,Effect of a congregation-based intervention on uptake of HIV testing and linkage to care in pregnant women in Nigeria (Baby Shower): a cluster randomised trial.,2015,True
NCT00023452,pubmed,tuberculosis,26951571,10.1093/cid/ciw126,Factors Associated With Noncompletion of Latent Tuberculosis Infection Treatment: Experience From the PREVENT TB Trial in the United States and Canada.,2016,True
NCT01404312,pubmed,tuberculosis,26082504,10.1093/cid/civ464,Efavirenz Pharmacokinetics and Pharmacodynamics in HIV-Infected Persons Receiving Rifapentine and Isoniazid for Tuberculosis Prevention.,2015,True
NCT01315301,pubmed,tuberculosis,25966339,10.1371/journal.pone.0122587,"Efficacy and Safety of Antiretroviral Therapy Initiated One Week after Tuberculosis Therapy in Patients with CD4 Counts < 200 Cells/μL: TB-HAART Study, a Randomized Clinical Trial.",2015,True
NCT01691534,pubmed,tuberculosis,25622149,10.1164/rccm.201410-1801OC,Bactericidal activity of pyrazinamide and clofazimine alone and in combinations with pretomanid and bedaquiline.,2015,True
NCT00694629,pubmed,tuberculosis,25489785,10.1164/rccm.201410-1843OC,"Daily rifapentine for treatment of pulmonary tuberculosis. A randomized, dose-ranging trial.",2015,True
NCT01805258,pubmed,tuberculosis,24134449,10.1186/1471-2334-13-482,Nevirapine versus efavirenz-based antiretroviral therapy regimens in antiretroviral-naive patients with HIV and tuberculosis infections in India: a pilot study.,2013,True
NCT01055145,pubmed,tuberculosis,23927582,10.1164/rccm.201303-0604OC,Comparison of levofloxacin versus moxifloxacin for multidrug-resistant tuberculosis.,2013,True
NCT00130325,pubmed,tuberculosis,23220919,10.1164/rccm.201208-1352OC,Interferon-γ ELISPOT as a biomarker of treatment efficacy in latent tuberculosis infection: a clinical trial.,2013,True
NCT00157066,pubmed,tuberculosis,17463418,10.1164/rccm.200701-007OC,A single dose of vitamin D enhances immunity to mycobacteria.,2007,True
NCT01287585,pubmed,hepatitis C,29659672,10.1093/annonc/mdy101,Phase III randomized study of second line ADI-PEG 20 plus best supportive care versus placebo plus best supportive care in patients with advanced hepatocellular carcinoma.,2018,True
NCT00517439,pubmed,hepatitis C,22166557,,Balapiravir plus peginterferon alfa-2a (40KD)/ribavirin in a randomized trial of hepatitis C genotype 1 patients.,2012,True
NCT03828994,pubmed,COVID-19,38691409,10.1097/OLQ.0000000000001994,Undermining the Translational Potential of Clinical Research With Adolescents and Young Adults: Differential Enrollment in Randomized Clinical Trials During COVID-19.,2024,True
NCT04615429,pubmed,COVID-19,38409332,10.1038/s41409-024-02230-5,Mesenchymal stromal cell therapy for COVID-19 acute respiratory distress syndrome: a double-blind randomised controlled trial.,2024,True
NCT03291509,pubmed,COVID-19,38272776,10.1016/j.dhjo.2024.101587,Remote delivery of a weight management intervention for adults with intellectual disabilities: Results from a randomized non-inferiority trial.,2024,True
NCT03852537,pubmed,COVID-19,34983600,10.1186/s13054-021-03873-2,"Early, biomarker-guided steroid dosing in COVID-19 Pneumonia: a pilot randomized controlled trial.",2022,True
NCT04486508,crossref,COVID-19,,10.1136/bmj-2021-068407,"Atorvastatin versus placebo in patients with covid-19 in intensive care:
                        randomized controlled trial",,True
NCT02092467,pubmed,rheumatoid arthritis,40992967,10.1016/j.ard.2025.08.028,Use of statins and its association with major adverse cardiovascular events with tofacitinib vs TNF inhibitors in patients with rheumatoid arthritis with and without atherosclerotic cardiovascular dis,2026,True
NCT00445770,pubmed,rheumatoid arthritis,32735145,10.1080/14397595.2020.1805142,Radiographic and clinical effects of 10 mg and 25 mg twice-weekly etanercept over 52 weeks in Japanese patients with active rheumatoid arthritis.,2021,True
NCT02602925,pubmed,rheumatoid arthritis,28482858,10.1186/s12895-017-0057-6,Tight controlled dose reduction of biologics in psoriasis patients with low disease activity: a randomized pragmatic non-inferiority trial.,2017,True
NCT01315652,pubmed,rheumatoid arthritis,24872377,10.1136/annrheumdis-2013-204733,"Impact of a nurse-led programme on comorbidity management and impact of a patient self-assessment of disease activity on the management of rheumatoid arthritis: results of a prospective, multicentre, ",2015,True
NCT00784459,pubmed,rheumatoid arthritis,23292882,10.1164/rccm.201207-1205OC,A randomized controlled trial to evaluate inhibition of T-cell costimulation in allergen-induced airway inflammation.,2013,True
NCT00119566,pubmed,rheumatoid arthritis,21352592,10.1186/1471-2474-12-54,Adalimumab reduces hand bone loss in rheumatoid arthritis independent of clinical response: subanalysis of the PREMIER study.,2011,True
NCT03454555,pubmed,chronic pain,40338272,10.1093/pm/pnaf049,Effectiveness of motivational interviewing plus cognitive behavioral therapy vs shared decision making for voluntary opioid tapering in patients with chronic pain: the INSPIRE randomized pragmatic tri,2025,True
NCT02497625,pubmed,chronic pain,28143504,10.1186/s13063-017-1784-z,"Effectiveness of the addition of therapeutic alliance with minimal intervention in the treatment of patients with chronic, nonspecific low back pain and low risk of involvement of psychosocial factors",2017,True
NCT00621530,pubmed,chronic pain,24535482,10.1007/s00540-014-1798-6,Intrathecal ketorolac does not improve acute or chronic pain after hip arthroplasty: a randomized controlled trial.,2014,True
NCT01009099,pubmed,COPD,30739217,10.1007/s00408-019-00198-4,The Effect of Breathing Retraining Using Metronome-Based Acoustic Feedback on Exercise Endurance in COPD: A Randomized Trial.,2019,True
NCT02603393,pubmed,COPD,29779416,10.1164/rccm.201803-0405OC,"Long-Term Triple Therapy De-escalation to Indacaterol/Glycopyrronium in Patients with Chronic Obstructive Pulmonary Disease (SUNSET): A Randomized, Double-Blind, Triple-Dummy Clinical Trial.",2018,True
NCT01090999,pubmed,COPD,27611807,10.1164/rccm.201603-0602OC,Benefits of Long-Term Pulmonary Rehabilitation Maintenance Program in Patients with Severe Chronic Obstructive Pulmonary Disease. Three-Year Follow-up.,2017,True
NCT01155310,pubmed,COPD,27736154,10.1164/rccm.201601-0083OC,A Multicenter Randomized Trial Assessing the Efficacy of Helium/Oxygen in Severe Exacerbations of Chronic Obstructive Pulmonary Disease.,2017,True
NCT01727141,pubmed,COPD,26177074,10.1164/rccm.201505-1048OC,FLIGHT1 and FLIGHT2: Efficacy and Safety of QVA149 (Indacaterol/Glycopyrrolate) versus Its Monocomponents and Placebo in Patients with Chronic Obstructive Pulmonary Disease.,2015,True
NCT01572948,pubmed,COPD,26151090,10.1164/rccm.201503-0543OC,"A Randomized, Placebo-controlled Trial of Roflumilast. Effect on Proline-Glycine-Proline and Neutrophilic Inflammation in Chronic Obstructive Pulmonary Disease.",2015,True
NCT01020344,pubmed,COPD,26016823,10.1164/rccm.201503-0453OC,Lung Volume Reduction Surgery and Improvement of Endothelial Function and Blood Pressure in Patients with Chronic Obstructive Pulmonary Disease. A Randomized Controlled Trial.,2015,True
NCT01006616,pubmed,COPD,25695403,10.1164/rccm.201405-0992OC,CXCR2 Antagonist MK-7123. A Phase 2 Proof-of-Concept Trial for Chronic Obstructive Pulmonary Disease.,2015,True
NCT00880490,pubmed,COPD,25060541,10.1016/j.rmed.2014.06.009,A randomized study of formoterol fumarate in a porous particle metered-dose inhaler in patients with moderate-to-severe COPD.,2014,True
NCT00975403,pubmed,COPD,23590271,10.1164/rccm.201211-1970OC,Does the respiratory system limit exercise in mild chronic obstructive pulmonary disease?,2013,True
NCT01108913,pubmed,COPD,23257347,10.1016/j.pupt.2012.12.003,Inhaled pan-selectin antagonist Bimosiamose attenuates airway inflammation in COPD.,2013,True
NCT00789997,pubmed,COPD,23161645,10.1136/thoraxjnl-2012-202432,TNFα antagonists for acute exacerbations of COPD: a randomised double-blind controlled trial.,2013,True
NCT00706303,pubmed,COPD,22395923,10.1136/bmj.e1060,Glasgow supported self-management trial (GSuST) for patients with moderate to severe COPD: randomised controlled trial.,2012,True
NCT00921921,pubmed,COPD,22350679,10.1007/s00408-012-9378-8,Effects of extra-fine inhaled and oral corticosteroids on alveolar nitric oxide in COPD.,2012,True
NCT00421122,pubmed,COPD,22046961,10.1185/03007995.2011.636420,Efficacy and safety of budesonide/formoterol via a dry powder inhaler in Chinese patients with chronic obstructive pulmonary disease.,2012,True
NCT00393458,pubmed,COPD,20522841,10.1136/thx.2009.125435,Efficacy of a new once-daily long-acting inhaled beta2-agonist indacaterol versus twice-daily formoterol in COPD.,2010,True
NCT03253341,pubmed,Alzheimer disease,39376152,10.1002/alz.14265,LEAP! Rx: A randomized trial of a pragmatic approach to lifestyle medicine.,2024,True
NCT04048759,pubmed,Alzheimer disease,37407386,10.1016/j.dhjo.2023.101497,"The association of increased body mass index on cardiorespiratory fitness, physical activity, and cognition in adults with down syndrome.",2023,True
NCT02389413,pubmed,Alzheimer disease,30309389,10.1186/s13195-018-0431-6,"Safety, tolerability and efficacy of the glutaminyl cyclase inhibitor PQ912 in Alzheimer's disease: results of a randomized, double-blind, placebo-controlled phase 2a study.",2018,True
